Player Name,Player ID
Joel Embiid,embiijo01
Luka Doncic,doncilu01
Damian Lillard,lillada01
Shai Gilgeous-Alexander,gilgesh01
Giannis Antetokounmpo,antetgi01
Jayson Tatum,tatumja01
Stephen Curry,curryst01
Kevin Durant,duranke01
LeBron James,jamesle01
Donovan Mitchell,mitchdo01
Devin Booker,bookede01
Kyrie Irving,irvinky01
Jaylen Brown,brownja02
Ja Morant,moranja01
Trae Young,youngtr01
Zion Williamson,willizi01
Anthony Davis,davisan02
Lauri Markkanen,markkla01
Julius Randle,randlju01
De'Aaron Fox,foxde01
Zach LaVine,lavinza01
Brandon Ingram,ingrabr01
Anthony Edwards,edwaran01
DeMar DeRozan,derozde01
Nikola Jokic,jokicni01
Pascal Siakam,siakapa01
Jalen Brunson,brunsja01
Paul George,georgpa01
Kawhi Leonard,leonaka01
LaMelo Ball,ballla01
Bradley Beal,bealbr01
Kristaps Porzingis,porzikr01
Jimmy Butler,butleji01
Jalen Green,greenja05
Keldon Johnson,johnske04
Klay Thompson,thompkl01
Bojan Bogdanovic,bogdabo02
Darius Garland,garlada01
Desmond Bane,banede01
Kyle Kuzma,kuzmaky01
Terry Rozier,roziete01
Anfernee Simons,simonan01
James Harden,hardeja01
CJ McCollum,mccolcj01
Jordan Clarkson,clarkjo01
Karl-Anthony Towns,townska01
Tyrese Haliburton,halibty01
Jerami Grant,grantje01
Dejounte Murray,murrade01
Bam Adebayo,adebaba01
Jordan Poole,poolejo01
Tyrese Maxey,maxeyty01
Kelly Oubre Jr.,oubreke01
Mikal Bridges,bridgmi01
Tyler Herro,herroty01
Paolo Banchero,banchpa01
Louis King,kinglo02
Jamal Murray,murraja01
Cade Cunningham,cunnica01
RJ Barrett,barrerj01
Jrue Holiday,holidjr01
Fred VanVleet,vanvlfr01
Kevin Porter Jr.,porteke02
Domantas Sabonis,sabondo01
Jaren Jackson Jr.,jacksja02
Franz Wagner,wagnefr01
Devin Vassell,vassede01
Deandre Ayton,aytonde01
Myles Turner,turnemy01
D'Angelo Russell,russeda01
Nikola Vucevic,vucevni01
Michael Porter Jr.,portemi01
Gary Trent Jr.,trentga02
Spencer Dinwiddie,dinwisp01
Andrew Wiggins,wiggian01
Norman Powell,powelno01
OG Anunoby,anunoog01
Buddy Hield,hieldbu01
Bennedict Mathurin,mathube01
Josh Giddey,giddejo01
Christian Wood,woodch01
Aaron Gordon,gordoaa01
Jaden Ivey,iveyja01
Evan Mobley,mobleev01
RaiQuan Gray,grayra01
Brook Lopez,lopezbr01
Russell Westbrook,westbru01
P.J. Washington,washipj01
Cameron Johnson,johnsca02
De'Andre Hunter,huntede01
Scottie Barnes,barnesc01
Skylar Mays,mayssk01
Wendell Carter Jr.,cartewe01
Kevin Huerter,huertke01
Khris Middleton,middlkh01
Harrison Barnes,barneha02
Malcolm Brogdon,brogdma01
Immanuel Quickley,quickim01
Alperen Sengun,sengual01
Tobias Harris,harrito02
Gordon Hayward,haywago01
Trey Murphy III,murphtr02
Tim Hardaway Jr.,hardati02
Jarrett Allen,allenja01
Dillon Brooks,brookdi01
Collin Sexton,sextoco01
Bobby Portis,portibo01
Jonas Valanciunas,valanjo01
Jalen Williams,willija06
Bogdan Bogdanovic,bogdabo01
Markelle Fultz,fultzma01
Chris Paul,paulch01
Saddiq Bey,beysa01
Luguentz Dort,dortlu01
Malik Monk,monkma01
Rudy Gobert,goberru01
Jusuf Nurkic,nurkiju01
Kris Dunn,dunnkr01
John Collins,collijo01
Cole Anthony,anthoco01
Austin Reaves,reaveau01
Tre Jones,jonestr01
Alec Burks,burksal01
Jabari Smith Jr.,smithja05
Malik Beasley,beaslma01
KJ Martin,martike04
Nic Claxton,claxtni01
Dennis Schroder,schrode01
Jakob Poeltl,poeltja01
Mac McClung,mccluma01
Kelly Olynyk,olynyke01
Eric Gordon,gordoer01
Derrick White,whitede01
Keegan Murray,murrake02
Caris LeVert,leverca01
Jaden McDaniels,mcdanja02
Marvin Bagley III,baglema01
Clint Capela,capelca01
Mike Conley,conlemi01
Bones Hyland,hylanbo01
Lonnie Walker IV,walkelo01
Zach Collins,colliza01
Bruce Brown,brownbr01
Naz Reid,reidna01
Marcus Smart,smartma01
Max Strus,strusma01
John Wall,walljo01
Quentin Grimes,grimequ01
Isaiah Stewart,stewais01
Rui Hachimura,hachiru01
Kyle Lowry,lowryky01
Marcus Morris,morrima03
Corey Kispert,kispeco01
Jeremy Sochan,sochaje01
Mason Plumlee,plumlma01
Kentavious Caldwell-Pope,caldwke01
Jaylen Nowell,nowelja01
Ivica Zubac,zubaciv01
Talen Horton-Tucker,hortota01
Victor Oladipo,oladivi01
Cam Thomas,thomaca02
Jeenathan Williams,willije02
Moritz Wagner,wagnemo01
Grayson Allen,allengr01
Killian Hayes,hayeski01
Tyus Jones,jonesty01
Monte Morris,morrimo01
Cameron Payne,payneca01
Reggie Jackson,jacksre01
Malaki Branham,branhma01
Doug McDermott,mcderdo01
Patrick Williams,willipa01
Josh Richardson,richajo01
De'Anthony Melton,meltode01
Aaron Nesmith,nesmiaa01
James Wiseman,wisemja01
Brandon Clarke,clarkbr01
Jonathan Kuminga,kuminjo01
Onyeka Okongwu,okongon01
Luka Samanic,samanlu01
Shaedon Sharpe,sharpsh01
Jalen Suggs,suggsja01
Thomas Bryant,bryanth01
Josh Hart,hartjo01
Al Horford,horfoal01
Herbert Jones,joneshe01
Julian Champagnie,champju02
Cam Reddish,reddica01
Keita Bates-Diop,bateske01
Coby White,whiteco01
Caleb Martin,martica02
Isaiah Joe,joeis01
Andrew Nembhard,nembhan01
Jalen McDaniels,mcdanja01
Kyle Anderson,anderky01
Chris Boucher,bouchch01
Donte DiVincenzo,divindo01
Jalen Smith,smithja04
Gabe Vincent,vincega01
Luke Kennard,kennalu01
Hamidou Diallo,diallha01
Tari Eason,easonta01
Precious Achiuwa,achiupr01
Deni Avdija,avdijde01
Seth Curry,curryse01
Walker Kessler,kesslwa01
Bol Bol,bolbo01
Jalen Duren,durenja01
Josh Green,greenjo02
Naji Marshall,marshna01
Taurean Prince,princta02
Jae'Sean Tate,tateja01
Santi Aldama,aldamsa01
Jose Alvarado,alvarjo01
Daniel Gafford,gaffoda01
Mark Williams,willima07
AJ Griffin,griffaj01
Jaden Hardy,hardyja02
Shaquille Harrison,harrish01
Terance Mann,mannte01
Royce O'Neale,onealro01
Dennis Smith Jr.,smithde03
Jordan Nwora,nworajo01
T.J. McConnell,mccontj01
Cedi Osman,osmande01
Landry Shamet,shamela01
Steven Adams,adamsst01
Ayo Dosunmu,dosunay01
Draymond Green,greendr01
Shake Milton,miltosh01
Dorian Finney-Smith,finnedo01
Terrence Ross,rosste01
Gary Harris,harriga01
Kevin Love,loveke01
Damion Lee,leeda03
Georges Niang,niangge01
Nick Richards,richani01
Aleksej Pokusevski,pokusal01
Grant Williams,willigr01
Jevon Carter,carteje01
Kemba Walker,walkeke02
Kenrich Williams,willike04
Robert Williams,williro04
Gabe York,yorkga01
Jarred Vanderbilt,vandeja01
Ochai Agbaji,agbajoc01
Chris Duarte,duartch01
Duane Washington Jr.,washidu02
Jeff Green,greenje02
Tre Mann,manntr01
Pat Connaughton,connapa01
Joe Harris,harrijo01
Trey Lyles,lylestr01
T.J. Warren,warretj01
Devonte' Graham,grahade01
Torrey Craig,craigto01
Mitchell Robinson,robinmi01
Obi Toppin,toppiob01
Trendon Watford,watfotr01
Delon Wright,wrighde01
Jay Huff,huffja01
Josh Okogie,okogijo01
Reggie Bullock,bullore01
Isaiah Jackson,jacksis01
Kendrick Nunn,nunnke01
Troy Brown Jr.,browntr01
Edmond Sumner,sumneed01
Lindell Wigginton,wiggili01
Eugene Omoruyi,omorueu01
Chance Comanche,comanch01
Kevon Looney,looneke01
Joshua Primo,primojo01
Daniel Theis,theisda01
Xavier Tillman Sr.,tillmxa01
Svi Mykhailiuk,mykhasv01
Jae Crowder,crowdja01
Willy Hernangomez,hernawi01
Joe Ingles,inglejo01
Ty Jerome,jeromty01
Cory Joseph,josepco01
Romeo Langford,langfro01
Ben Simmons,simmobe01
Will Barton,bartowi01
Larry Nance Jr.,nancela02
Jeremiah Robinson-Earl,robinje02
Aaron Wiggins,wiggiaa01
Justise Winslow,winslju01
Terence Davis,daviste02
Anthony Lamb,lamban01
Isaiah Livers,liveris01
Theo Maledon,maledth01
Dwight Powell,poweldw01
David Roddy,roddyda01
Kevin Knox,knoxke01
Mo Bamba,bambamo01
Drew Eubanks,eubandr01
Jordan Goodwin,goodwjo01
Jock Landale,landajo01
Nassir Little,littlna01
Brandon Boston Jr.,bostobr01
Luka Garza,garzalu01
Jay Scrubb,scrubja01
Cody Zeller,zelleco01
Dario Saric,saricda01
R.J. Hampton,hamptrj01
JaMychal Green,greenja01
Sam Hauser,hausesa01
Isaac Okoro,okorois01
Duncan Robinson,robindu01
Goran Dragic,dragigo01
Simone Fontecchio,fontesi01
Patrick Beverley,beverpa01
Nickeil Alexander-Walker,alexani01
Jared Butler,butleja02
Quenton Jackson,jacksqu01
Patty Mills,millspa02
Sandro Mamukelashvili,mamuksa01
Mike Muscala,muscami01
Nicolas Batum,batumni01
Oshae Brissett,brissos01
Evan Fournier,fournev01
Saben Lee,leesa01
Robert Covington,covinro01
Andre Drummond,drumman01
Maxi Kleber,klebima01
Jaylin Williams,willija07
Josh Christopher,chrisjo01
Johnny Davis,davisjo06
Stanley Johnson,johnsst04
Charles Bassey,bassech01
Rodney McGruder,mcgruro01
Ziaire Williams,willizi02
James Bouknight,bouknja01
Alex Caruso,carusal01
Montrezl Harrell,harremo01
Jalen Johnson,johnsja05
Davion Mitchell,mitchda01
Payton Pritchard,pritcpa01
Derrick Rose,rosede01
Yuta Watanabe,watanyu01
Danny Green,greenda02
Jarrell Brantley,brantja01
Wenyen Gabriel,gabriwe01
Nikola Jovic,jovicni01
Otto Porter Jr.,porteot01
Jamal Cain,cainja01
Bryce McGowens,mcgowbr01
Lamar Stevens,stevela01
Dewayne Dedmon,dedmode01
Darius Bazley,bazleda01
Rudy Gay,gayru01
Javonte Green,greenja02
Zeke Nnaji,nnajize01
Ricky Rubio,rubiori01
Lindy Waters III,waterli01
MarJon Beauchamp,beaucma01
DeAndre Jordan,jordade01
John Konchar,konchjo01
George Hill,hillge01
Vlatko Cancar,cancavl01
Isaiah Hartenstein,harteis01
Jaxson Hayes,hayesja02
Jonathan Isaac,isaacjo01
Derrick Jones Jr.,jonesde02
Kenneth Lofton Jr.,loftoke01
Cody Martin,martico01
Sam Merrill,merrisa01
Blake Wesley,weslebl01
Ousmane Dieng,diengou01
Chimezie Metu,metuch01
Austin Rivers,riverau01
Danuel House Jr.,houseda01
Johnny Juzang,juzanjo01
Meyers Leonard,leoname01
Garrison Mathews,mathega01
Moses Moody,moodymo01
Christian Braun,braunch01
Keon Johnson,johnske07
Chuma Okeke,okekech01
Day'Ron Sharpe,sharpda01
Dean Wade,wadede01
TyTy Washington Jr.,washity02
Gary Payton II,paytoga02
Dalano Banton,bantoda01
Davis Bertans,bertada01
Malachi Flynn,flynnma01
Kira Lewis Jr.,lewiski01
Justin Holiday,holidju01
Goga Bitadze,bitadgo01
Jarrett Culver,culveja01
A.J. Green,greenaj01
Haywood Highsmith,highsha01
JaVale McGee,mcgeeja01
Thaddeus Young,youngth01
Omer Yurtseven,yurtsom01
Moses Brown,brownmo01
Bismack Biyombo,biyombi01
Michael Carter-Williams,cartemi01
Justin Minaya,minayju01
Xavier Sneed,sneedxa01
Paul Reed,reedpa01
Admiral Schofield,schofad01
Ish Wainright,wainris01
McKinley Wright IV,wrighmc01
Matisse Thybulle,thybuma01
Blake Griffin,griffbl01
Kevon Harris,harrike01
Serge Ibaka,ibakase01
Isaiah Roby,robyis01
Daishen Nix,nixda01
Olivier Sarr,sarrol01
Bruno Fernando,fernabr01
Patrick Baldwin Jr.,baldwpa01
Dominick Barlow,barlodo01
Gorgui Dieng,dienggo01
Udonis Haslem,hasleud01
Aaron Holiday,holidaa01
Jabari Walker,walkeja01
Markieff Morris,morrima02
Xavier Cooks,cooksxa01
Dyson Daniels,daniedy01
Darius Days,daysda01
Caleb Houstan,houstca01
Furkan Korkmaz,korkmfu01
Luke Kornet,kornelu01
JT Thor,thorjt01
A.J. Lawson,lawsoaj01
David Duke Jr.,dukeda01
Nathan Knight,knighna01
Jordan McLaughlin,mclaujo01
Orlando Robinson,robinor01
Matt Ryan,ryanma01
Bryn Forbes,forbebr01
Damian Jones,jonesda03
Udoka Azubuike,azubuud01
Miles McBride,mcbrimi01
P.J. Tucker,tuckepj01
Amir Coffey,coffeam01
Taj Gibson,gibsota01
Kai Jones,joneska01
Wesley Matthews,matthwe02
Micah Potter,pottemi01
Jericho Sims,simsje01
Anthony Gill,gillan01
Boban Marjanovic,marjabo01
Raul Neto,netora01
Peyton Watson,watsope01
Jared Rhoden,rhodeja01
Max Christie,chrisma02
Jordan Hall,halljo02
Richaun Holmes,holmeri01
Christian Koloko,kolokch01
Josh Minott,minotjo01
Jamaree Bouyea,bouyeja01
Juan Toscano-Anderson,toscaju01
Tyler Dorsey,dorsety01
Usman Garuba,garubus01
Jacob Gilyard,gilyaja01
Jake LaRavia,laravja01
Robin Lopez,lopezro01
Trevelin Queen,queentr01
Terry Taylor,taylote01
Dru Smith,smithdr01
Juancho Hernangomez,hernaju01
Carlik Jones,jonesca03
Frank Ntilikina,ntilila01
Jason Preston,prestja01
Kessler Edwards,edwarke02
James Johnson,johnsja01
Moussa Diabate,diabamo01
Mamadi Diakite,diakima01
Isaiah Mobley,mobleis01
Jaden Springer,sprinja01
Frank Kaminsky,kaminfr01
Lester Quinones,quinole01
Ish Smith,smithis01
John Butler,butlejo01
Jeff Dowtin,dowtije01
Theo Pinson,pinsoth01
Neemias Queta,quetane01
Trent Forrest,forretr01
Scotty Pippen Jr.,pippesc02
Justin Champagnie,champju01
Khem Birch,birchkh01
Kennedy Chandler,chandke01
Ron Harper Jr.,harpero02
Dalen Terry,terryda01
Nerlens Noel,noelne01
Davon Reed,reedda01
Andre Iguodala,iguodan01
Chris Silva,silvach01
Garrett Temple,templga01
Stanley Umude,umudest01
Donovan Williams,willido02
Vince Williams Jr.,willivi01
Ryan Rollins,rolliry01
Greg Brown III,browngr01
Trevor Hudgins,hudgitr01
Alize Johnson,johnsal02
Xavier Moon,moonxa01
Alex Len,lenal01
Dylan Windler,windldy01
Buddy Boeheim,boehebu01
Tony Bradley,bradlto01
JD Davison,davisjd01
Kendall Brown,brownke03
Matthew Dellavedova,dellama01
Keon Ellis,elliske01
Mfiondu Kabengele,kabenmf01
Jordan Schakel,schakjo01
Isaiah Todd,toddis01
Thanasis Antetokounmpo,antetth01
PJ Dozier,doziepj01
Wendell Moore Jr.,moorewe01
Ryan Arcidiacono,arcidry01
Facundo Campazzo,campafa01
Braxton Key,keybr01
Tyrese Martin,martity01
KZ Okpala,okpalkz01
Cole Swider,swideco01
Vit Krejci,krejcvi01
Jack White,whiteja03
Noah Vonleh,vonleno01
Malcolm Hill,hillma01
Trevor Keels,keelstr01
Chima Moneke,monekch01
Kobi Simmons,simmoko01
Joe Wieskamp,wieskjo01
Justin Jackson,jacksju01
Marko Simonovic,simonma01
Dereon Seabron,seabrde01
Vernon Carey Jr.,careyve01
Devon Dotson,dotsode01
Leandro Bolmaro,bolmale01
Sterling Brown,brownst02
Deonte Burton,burtode02
Michael Foster Jr.,fostemi02
Frank Jackson,jacksfr01
Alondes Williams,willial06
