Player Name,Player ID
Shai Gilgeous-Alexander,gilgesh01
Giannis Antetokounmpo,antetgi01
Nikola Jokic,jokicni01
Luka Doncic,doncilu01
LaMelo Ball,ballla01
Tyrese Maxey,maxeyty01
Anthony Edwards,edwaran01
Kevin Durant,duranke01
Jayson Tatum,tatumja01
Devin Booker,bookede01
Jalen Brunson,brunsja01
Anthony Davis,davisan02
Cade Cunningham,cunnica01
Damian Lillard,lillada01
De'Aaron Fox,foxde01
Franz Wagner,wagnefr01
Cam Thomas,thomaca02
Joel Embiid,embiijo01
LeBron James,jamesle01
Kyrie Irving,irvinky01
Victor Wembanyama,wembavi01
Karl-Anthony Towns,townska01
Donovan Mitchell,mitchdo01
Norman Powell,powelno01
Zach LaVine,lavinza01
Tyler Herro,herroty01
Jaren Jackson Jr.,jacksja02
Zion Williamson,willizi01
Trae Young,youngtr01
Jaylen Brown,brownja02
Stephen Curry,curryst01
Trey Murphy III,murphtr02
Paolo Banchero,banchpa01
Brandon Ingram,ingrabr01
CJ McCollum,mccolcj01
Darius Garland,garlada01
DeMar DeRozan,derozde01
RJ Barrett,barrerj01
Jalen Green,greenja05
James Harden,hardeja01
Jalen Williams,willija06
Brandon Miller,millebr02
Jordan Poole,poolejo01
Ja Morant,moranja01
Pascal Siakam,siakapa01
Domantas Sabonis,sabondo01
Jamal Murray,murraja01
Scottie Barnes,barnesc01
Miles Bridges,bridgmi02
Nikola Vucevic,vucevni01
Cameron Johnson,johnsca02
Lauri Markkanen,markkla01
Alperen Sengun,sengual01
Kristaps Porzingis,porzikr01
De'Andre Hunter,huntede01
Michael Porter Jr.,portemi01
Jalen Johnson,johnsja05
Julius Randle,randlju01
Evan Mobley,mobleev01
Austin Reaves,reaveau01
Coby White,whiteco01
Anfernee Simons,simonan01
Collin Sexton,sextoco01
Mikal Bridges,bridgmi01
John Collins,collijo01
Malik Monk,monkma01
Desmond Bane,banede01
Tyrese Haliburton,halibty01
Jaden Ivey,iveyja01
Andrew Wiggins,wiggian01
Dejounte Murray,murrade01
Bradley Beal,bealbr01
Shaedon Sharpe,sharpsh01
Jimmy Butler,butleji01
Paul George,georgpa01
Jonathan Kuminga,kuminjo01
Jordan Clarkson,clarkjo01
Keyonte George,georgke01
Bam Adebayo,adebaba01
OG Anunoby,anunoog01
Malik Beasley,beaslma01
Bennedict Mathurin,mathube01
Kawhi Leonard,leonaka01
Jalen Suggs,suggsja01
Devin Vassell,vassede01
Derrick White,whitede01
Gradey Dick,dickgr01
Mark Williams,willima07
Chet Holmgren,holmgch01
Jared McCain,mccaija01
Ivica Zubac,zubaciv01
Kyle Kuzma,kuzmaky01
Myles Turner,turnemy01
Deandre Ayton,aytonde01
Jerami Grant,grantje01
Deni Avdija,avdijde01
Christian Braun,braunch01
Fred VanVleet,vanvlfr01
Dennis Schroder,schrode01
P.J. Washington,washipj01
Josh Hart,hartjo01
Kelly Oubre Jr.,oubreke01
Immanuel Quickley,quickim01
Jakob Poeltl,poeltja01
Tre Mann,manntr01
Naz Reid,reidna01
Bobby Portis,portibo01
Payton Pritchard,pritcpa01
Dyson Daniels,daniedy01
Amen Thompson,thompam01
Klay Thompson,thompkl01
Jarrett Allen,allenja01
Dillon Brooks,brookdi01
Tobias Harris,harrito02
Malcolm Brogdon,brogdma01
D'Angelo Russell,russeda01
Russell Westbrook,westbru01
Moritz Wagner,wagnemo01
Rui Hachimura,hachiru01
Santi Aldama,aldamsa01
Stephon Castle,castlst01
Bilal Coulibaly,coulibi01
Daniel Gafford,gaffoda01
Scoot Henderson,hendesc01
Khris Middleton,middlkh01
Ayo Dosunmu,dosunay01
Terry Rozier,roziete01
Aaron Gordon,gordoaa01
Brook Lopez,lopezbr01
Onyeka Okongwu,okongon01
Josh Giddey,giddejo01
Keegan Murray,murrake02
Daeqwon Plowden,plowdda01
Jeremy Sochan,sochaje01
Jabari Smith Jr.,smithja05
Keldon Johnson,johnske04
Buddy Hield,hieldbu01
Harrison Barnes,barneha02
Dante Exum,exumda01
Corey Kispert,kispeco01
Alex Sarr,sarral01
Jonas Valanciunas,valanjo01
Isaiah Hartenstein,harteis01
Ty Jerome,jeromty01
Jaylen Wells,wellsja01
Tari Eason,easonta01
Walker Kessler,kesslwa01
Naji Marshall,marshna01
Zaccharie Risacher,risacza01
Grayson Allen,allengr01
Guerschon Yabusele,yabusgu01
Donte DiVincenzo,divindo01
Jrue Holiday,holidjr01
Tyus Jones,jonesty01
Nikola Jovic,jovicni01
Jaden McDaniels,mcdanja02
Tim Hardaway Jr.,hardati02
Jordan Hawkins,hawkijo01
Andrew Nembhard,nembhan01
Duncan Robinson,robindu01
Brandon Boston Jr.,bostobr01
Jalen Duren,durenja01
Rudy Gobert,goberru01
Chris Boucher,bouchch01
Derrick Jones Jr.,jonesde02
Grant Williams,willigr01
Quentin Grimes,grimequ01
Ochai Agbaji,agbajoc01
Julian Champagnie,champju02
Spencer Dinwiddie,dinwisp01
Herbert Jones,joneshe01
De'Anthony Melton,meltode01
Aaron Wiggins,wiggiaa01
Toumani Camara,camarto01
Amir Coffey,coffeam01
Caris LeVert,leverca01
Bogdan Bogdanovic,bogdabo01
Tosan Evbuomwan,evbuoto01
Keon Johnson,johnske07
Svi Mykhailiuk,mykhasv01
Nic Claxton,claxtni01
Zach Edey,edeyza01
GG Jackson II,jacksgg01
Obi Toppin,toppiob01
Gary Trent Jr.,trentga02
Cam Whitmore,whitmca01
Luguentz Dort,dortlu01
Isaiah Joe,joeis01
T.J. McConnell,mccontj01
Luke Kennard,kennalu01
Jose Alvarado,alvarjo01
Scotty Pippen Jr.,pippesc02
Jalen Wilson,wilsoja03
Clint Capela,capelca01
Noah Clowney,clownno01
Dalton Knecht,knechda01
Royce O'Neale,onealro01
Brandin Podziemski,podzibr01
Patrick Williams,willipa01
Ziaire Williams,willizi02
Jaime Jaquez Jr.,jaqueja01
Chris Paul,paulch01
Kevin Porter Jr.,porteke02
Brice Sensabaugh,sensabr01
Julian Strawther,strawju01
Cole Anthony,anthoco01
Goga Bitadze,bitadgo01
Dereck Lively II,livelde01
Caleb Martin,martica02
Miles McBride,mcbrimi01
Moses Moody,moodymo01
Nick Richards,richani01
Kentavious Caldwell-Pope,caldwke01
Dorian Finney-Smith,finnedo01
Anthony Black,blackan01
Wendell Carter Jr.,cartewe01
Max Christie,chrisma02
Yves Missi,missiyv01
Georges Niang,niangge01
Marcus Smart,smartma01
Nickeil Alexander-Walker,alexani01
Carlton Carrington,carrica01
Jusuf Nurkic,nurkiju01
Ausar Thompson,thompau01
Tristan Da Silva,dasiltr01
Max Strus,strusma01
Dalano Banton,bantoda01
Bruce Brown,brownbr01
Draymond Green,greendr01
Jaden Hardy,hardyja02
Jaylen Nowell,nowelja01
Jalen Smith,smithja04
Kel'el Ware,wareke01
Mike Conley,conlemi01
Larry Nance Jr.,nancela02
Aaron Nesmith,nesmiaa01
Trendon Watford,watfotr01
Justin Edwards,edwarju01
Peyton Watson,watsope01
Tyrese Martin,martity01
Day'Ron Sharpe,sharpda01
Brandon Clarke,clarkbr01
Kyshawn George,georgky01
Al Horford,horfoal01
Kevin Huerter,huertke01
Nick Smith Jr.,smithni01
Justin Champagnie,champju01
Jay Huff,huffja01
Trayce Jackson-Davis,jackstr02
Cody Martin,martico01
Keon Ellis,elliske01
Ja'Kobe Walter,walteja01
A.J. Green,greenaj01
Taurean Prince,princta02
Josh Green,greenjo02
Sam Hauser,hausesa01
Garrison Mathews,mathega01
Vasilije Micic,micicva01
Jake LaRavia,laravja01
Cason Wallace,wallaca01
Lonzo Ball,balllo01
Bones Hyland,hylanbo01
Johnny Juzang,juzanjo01
Cameron Payne,payneca01
Sam Merrill,merrisa01
Kelly Olynyk,olynyke01
Quinten Post,postqu01
Eric Gordon,gordoer01
Isaiah Jackson,jacksis01
Josh Okogie,okogijo01
Jared Butler,butleja02
Torrey Craig,craigto01
Andre Drummond,drumman01
Ryan Dunn,dunnry01
Ricky Council IV,councri01
Mouhamed Gueye,gueyemo02
Vit Krejci,krejcvi01
Elfrid Payton,paytoel01
Precious Achiuwa,achiupr01
Isaiah Collier,colliis01
Trey Lyles,lylestr01
Simone Fontecchio,fontesi01
Haywood Highsmith,highsha01
KJ Martin,martike04
Ajay Mitchell,mitchaj01
Thomas Bryant,bryanth01
Ron Holland,hollaro01
Davion Mitchell,mitchda01
Shake Milton,miltosh01
Ben Simmons,simmobe01
KJ Simpson,simpskj01
Dru Smith,smithdr01
Jarace Walker,walkeja02
Kyle Filipowski,filipky01
Matas Buzelis,buzelma01
Terance Mann,mannte01
Dean Wade,wadede01
James Wiseman,wisemja01
Javonte Green,greenja02
Talen Horton-Tucker,hortota01
Jonathan Isaac,isaacjo01
Marcus Sasser,sassema01
Jamal Shead,sheadja01
Jaylin Williams,willija07
Kris Dunn,dunnkr01
Isaac Okoro,okorois01
Ben Sheppard,sheppbe01
Keaton Wallace,wallake01
Drew Eubanks,eubandr01
Alec Burks,burksal01
Alex Caruso,carusal01
Rob Dillingham,dilliro01
Quenton Jackson,jacksqu01
Isaiah Stewart,stewais01
Robert Williams,williro04
Jamison Battle,battlja01
Seth Curry,curryse01
Kenrich Williams,willike04
Jaxson Hayes,hayesja02
Kevin Love,loveke01
Jeremiah Robinson-Earl,robinje02
Lindy Waters III,waterli01
DaQuan Jeffries,jeffrda01
Gabe Vincent,vincega01
Kyle Anderson,anderky01
Kobe Bufkin,bufkiko01
Jonathan Mogbo,mogbojo01
Isaiah Wong,wongis01
Kevon Looney,looneke01
Gary Payton II,paytoga02
Neemias Queta,quetane01
Luke Kornet,kornelu01
Donovan Clingan,clingdo01
Monte Morris,morrimo01
Ryan Rollins,rolliry01
Alondes Williams,willial06
Vince Williams Jr.,willivi01
Marvin Bagley III,baglema01
Richaun Holmes,holmeri01
Jordan Miller,millejo02
Tidjane Salaun,salauti01
Jaylen Clark,clarkja02
Moussa Diabate,diabamo01
Taylor Hendricks,hendrta01
Sandro Mamukelashvili,mamuksa01
Trevelin Queen,queentr01
Oscar Tshiebwe,tshieos01
Mo Bamba,bambamo01
Charles Bassey,bassech01
Zach Collins,colliza01
Malaki Branham,branhma01
Trentyn Flowers,flowetr01
Kylor Kelley,kelleky01
Dariq Whitehead,whiteda01
David Roddy,roddyda01
Pat Connaughton,connapa01
Jett Howard,howarje01
Reggie Jackson,jacksre01
Tre Jones,jonestr01
Julian Phillips,phillju01
Paul Reed,reedpa01
Antonio Reeves,reevean01
Daniel Theis,theisda01
Aaron Holiday,holidaa01
Kyle Lowry,lowryky01
Patty Mills,millspa02
Jeff Green,greenje02
Kris Murray,murrakr01
Josh Richardson,richajo01
Gui Santos,santogu01
Cam Spencer,spencca01
Ousmane Dieng,diengou01
Andre Jackson Jr.,jacksan01
Mason Plumlee,plumlma01
Jae'Sean Tate,tateja01
Tristan Vukcevic,vukcetr01
Cody Williams,willico04
Steven Adams,adamsst01
Jevon Carter,carteje01
Gary Harris,harriga01
Pelle Larsson,larsspe01
Dario Saric,saricda01
Dalen Terry,terryda01
Bol Bol,bolbo01
Jamal Cain,cainja01
Devin Carter,cartede02
Micah Potter,pottemi01
Jeff Dowtin,dowtije01
Elijah Harkless,harklej01
Oso Ighodaro,ighodos01
Isaac Jones,jonesis01
DeAndre Jordan,jordade01
Reed Sheppard,sheppre01
Jock Landale,landajo01
Olivier-Maxence Prosper,prospol01
Jarred Vanderbilt,vandeja01
Nicolas Batum,batumni01
Bruno Fernando,fernabr01
Luka Garza,garzalu01
Doug McDermott,mcderdo01
Cam Reddish,reddica01
Moses Brown,brownmo01
Wendell Moore Jr.,moorewe01
Pat Spencer,spencpa01
Jabari Walker,walkeja01
Damion Lee,leeda03
JT Thor,thorjt01
Blake Wesley,weslebl01
Orlando Robinson,robinor01
Adem Bona,bonaad01
Branden Carlson,carlsbr01
Maxi Kleber,klebima01
Taze Moore,mooreta02
Craig Porter Jr.,portecr01
Jackson Rowe,roweja01
Jaylon Tyson,tysonja01
Jae Crowder,crowdja01
Tyler Smith,smithty02
AJ Johnson,johnsaj01
Dominick Barlow,barlodo01
Caleb Houstan,houstca01
Mason Jones,jonesma05
A.J. Lawson,lawsoaj01
Brandon Williams,willibr03
Kobe Brown,brownko01
John Konchar,konchjo01
Drew Peterson,peterdr01
Jalen Pickett,pickeja02
Landry Shamet,shamela01
Jeenathan Williams,willije02
Josh Minott,minotjo01
Taj Gibson,gibsota01
E.J. Liddell,liddeej01
Karlo Matkovic,matkoka01
Rayan Rupert,ruperra01
Delon Wright,wrighde01
Johnny Davis,davisjo06
Reece Beekman,beekmre01
Vlatko Cancar,cancavl01
Lester Quinones,quinole01
Duop Reath,reathdu01
Collin Gillespie,gilleco01
Kai Jones,joneska01
Hunter Tyson,tysonhu01
Trey Jemison,jemistr01
Patrick Baldwin Jr.,baldwpa01
Chris Duarte,duartch01
Dillon Jones,jonesdi01
Christian Koloko,kolokch01
Pete Nance,nancepe01
MarJon Beauchamp,beaucma01
Jalen Hood-Schifino,hoodsja01
Alex Reese,reeseal01
Adama Sanogo,sanogad01
TyTy Washington Jr.,washity02
Johnny Furphy,furphjo01
Cory Joseph,josepco01
Tyler Kolek,kolekty01
Jordan McLaughlin,mclaujo01
Zeke Nnaji,nnajize01
Anthony Gill,gillan01
Ariel Hukporti,hukpoar01
Enrique Freeman,freemen01
Leonard Miller,millele01
Markieff Morris,morrima02
Terrence Shannon Jr.,shannte01
Jaden Springer,sprinja01
Tristan Thompson,thomptr01
Keshad Johnson,johnske10
Bryce McGowens,mcgowbr01
Jericho Sims,simsje01
Armel Traore,armeltr01
Jordan Walsh,walshjo01
Pacome Dadiet,dadiepa01
Alex Ducas,ducasal01
David Duke Jr.,dukeda01
Jazian Gortman,gortmja01
Quincy Olivari,olivaqu01
Dwight Powell,poweldw01
Matt Ryan,ryanma01
Colin Castleton,castlco01
Alex Len,lenal01
Sidy Cissoko,cissosi01
Kessler Edwards,edwarke02
Adam Flagler,flaglad01
Yuki Kawamura,kawamyu01
Jack McVeigh,mcveija01
Luke Travers,travelu01
Cam Christie,chrisca02
JD Davison,davisjd01
Chris Livingston,livinch01
Colby Jones,jonesco02
Jaylen Martin,martija02
Jared Rhoden,rhodeja01
Baylor Scheierman,scheiba01
Xavier Tillman Sr.,tillmxa01
Maxwell Lewis,lewisma05
Trey Alexander,alexatr01
PJ Hall,hallpj01
Bronny James,jamesbr02
Jalen Bridges,bridgja01
D.J. Carton,cartodj01
Ulrich Chomche,chomcul01
Josh Christopher,chrisjo01
Isaiah Crawford,crawfis01
RayJ Dennis,dennira01
PJ Dozier,doziepj01
Joe Ingles,inglejo01
James Johnson,johnsja01
Liam Robbins,robbili01
Cui Yongxi,cuiyo01
Spencer Jones,jonessp01
Garrett Temple,templga01
Stanley Umude,umudest01
Tristen Newton,newtotr01
Jacob Toppin,toppija01
Malevy Leons,leonsma01
Daishen Nix,nixda01
Emoni Bates,batesem01
Keion Brooks Jr.,brookke02
Harrison Ingram,ingraha01
Daniss Jenkins,jenkida01
Bobi Klintman,klintbo01
Mac McClung,mccluma01
Justin Minaya,minayju01
Riley Minix,minixri01
Chuma Okeke,okekech01
Zyon Pullin,pullizy01
Cole Swider,swideco01
